row_count,time_seconds
100,0.009500699990894645
500,0.043123800001922064
1000,0.08011609999812208
5000,0.3490555000025779
