row_count,time_seconds
100,0.0072801000060280785
500,0.031768800006830133
1000,0.059825699994689785
5000,0.30234339999151416
