row_count,time_seconds
500,0.03455680000479333
750,0.04788510000798851
1000,0.06454700000176672
1250,0.07945849999669008
1500,0.09828990000823978
1750,0.11170789999596309
2000,0.15250290000403766
2250,0.15901790000498295
2500,0.15914879999763798
