row_count,time_seconds
100,0.00707239999610465
500,0.03150430000096094
1000,0.06625319999875501
5000,0.35273319999396335
