row_count,time_seconds
100,0.008303900001919828
500,0.04502689999935683
1000,0.06652410000970121
5000,0.38238409999758005
