row_count,time_seconds
100,0.008454700000584126
500,0.03630400000838563
1000,0.06474689999595284
5000,0.34103130000585224
