row_count,time_seconds
100,0.007247099987580441
500,0.03175020001071971
1000,0.05932739999843761
5000,0.3012126000103308
