row_count,time_seconds
500,0.03332840000803117
750,0.04974740000034217
1000,0.06286039999395143
1250,0.0778466999909142
1500,0.09205979999387637
1750,0.1078708999993978
2000,0.12288209999678656
2250,0.13833479999448173
2500,0.15301049999834504
