row_count,with_index,without_index
100,0.015756366672576405,0.0159012666651203
350,0.052496933339474104,0.05225503333106948
800,0.11820930000006531,0.12219933333593265
