row_count,with_index,without_index
100,0.012601966668929284,0.014695799996843562
350,0.051264833333940864,0.05514156667049974
800,0.10633946666591025,0.10373530000409421
