row_count,with_pk,without_pk
100,0.06888308999914443,0.05960360000026412
500,0.059604690002743155,0.08004471000167541
1000,0.06011792999925092,0.06069595000299159
2000,0.12343557000131114,0.05865266999899177
3000,0.07074559000029694,0.038293969997903334
