row_count,time_seconds
100,0.12177545999875292
500,0.11274087999918266
1000,0.03841777999914484
2000,0.10186807999998564
3000,0.05909190999809653
