row_count,time_seconds
100,0.004071399991516955
500,0.00043319999531377107
1000,0.0002739000046858564
5000,0.0002572999947005883
