row_count,time_seconds
100,0.004423899998073466
500,0.000597400008700788
1000,0.0007070999999996275
5000,0.00036869999894406646
