row_count,time_seconds
500,0.00042389999725855887
750,0.0004945999971823767
1000,0.0005314000009093434
1250,0.0006070000090403482
1500,0.0008978999976534396
1750,0.0008245000062743202
2000,0.000815500010503456
2250,0.0009248999995179474
2500,0.0009944000048562884
