row_count,time_seconds
100,0.00010720000136643648
500,7.619999814778566e-05
1000,7.390000973828137e-05
5000,7.449999975506216e-05
