row_count,time_seconds
100,0.00012460000289138407
500,7.879998884163797e-05
1000,6.999999459367245e-05
5000,7.320000440813601e-05
