row_count,time_seconds
100,0.00020260000019334257
500,0.0001264000020455569
1000,8.840000373311341e-05
5000,8.379999781027436e-05
