row_count,time_seconds
100,0.00023239999427460134
500,0.00013580000086221844
1000,0.0001483999949414283
5000,0.00015079999866429716
