row_count,time_seconds
100,0.0002649000089149922
500,0.00011060001270379871
1000,8.579999848734587e-05
5000,8.209999941755086e-05
