row_count,time_seconds
100,0.00017529999604448676
500,8.859999070409685e-05
1000,8.38999985717237e-05
5000,7.03999976394698e-05
