row_count,time_seconds
500,0.0007912000000942498
750,0.000453799992101267
1000,0.0005205999914323911
1250,0.0006866000039735809
1500,0.0007149000011850148
1750,0.0007533000025432557
2000,0.0008399000071221963
2250,0.0009696000051917508
2500,0.0010362999892095104
