row_count,time_seconds
100,0.05351060000248253
500,0.15321730000141542
1000,0.15124459999788087
2000,0.16357809999317396
3000,0.1531131999945501
