row_count,with_index,without_index
100,0.15662979999615345,0.15652190000400878
500,0.15663189999759197,0.04363200000079814
1000,0.15537210000911728,0.04293789999792352
2000,0.04739829999743961,0.042441500001586974
3000,0.04474640000262298,0.044309499993687496
