row_count,with_index,without_index
100,0.001617277666858475,0.00884765999954349
350,0.0030632359996282804,0.0362757549995149
800,0.006630159334017662,0.08359524366673819
