row_count,with_index,without_index
100,0.001175993666014013,0.007243805333321991
350,0.0014789076663146263,0.02687331566679253
800,0.006748185000081623,0.06668416133339633
