table,rows,time_seconds
viewer,5,0.159026
viewer,50,0.091646
viewer,100,0.048010
viewer,150,0.047063
viewer,200,0.046702
viewer,250,0.118404
viewer,300,0.048549
viewer,350,0.049703
viewer,400,0.119219
viewer,450,0.048576
viewer_profile,5,0.045266
viewer_profile,50,0.082155
viewer_profile,100,0.047387
viewer_profile,150,0.046161
viewer_profile,200,0.083898
viewer_profile,250,0.083757
viewer_profile,300,0.047416
viewer_profile,350,0.117287
viewer_profile,400,0.157373
viewer_profile,450,0.085515
movie,5,0.118273
movie,50,0.046701
movie,100,0.085186
movie,150,0.088100
movie,200,0.047740
movie,250,0.119925
movie,300,0.084316
movie,350,0.048845
movie,400,0.048393
movie,450,0.086805
favorite_movies,5,0.081742
favorite_movies,50,0.046523
favorite_movies,100,0.080458
favorite_movies,150,0.046969
favorite_movies,200,0.120899
favorite_movies,250,0.047000
favorite_movies,300,0.046639
favorite_movies,350,0.081351
favorite_movies,400,0.083890
favorite_movies,450,0.046934
