table,rows,time_seconds
viewer,5,0.089840
viewer,50,0.088724
viewer,100,0.086251
viewer,150,0.049005
viewer,200,0.122126
viewer,250,0.083469
viewer,300,0.049595
viewer,350,0.050019
viewer,400,0.083020
viewer,450,0.119991
viewer_profile,5,0.046808
viewer_profile,50,0.081936
viewer_profile,100,0.048011
viewer_profile,150,0.049380
viewer_profile,200,0.086643
viewer_profile,250,0.048745
viewer_profile,300,0.086075
viewer_profile,350,0.049757
viewer_profile,400,0.084186
viewer_profile,450,0.118461
movie,5,0.118773
movie,50,0.119272
movie,100,0.048542
movie,150,0.123126
movie,200,0.082154
movie,250,0.082348
movie,300,0.085181
movie,350,0.087988
movie,400,0.049841
movie,450,0.121105
favorite_movies,5,0.082462
favorite_movies,50,0.049004
favorite_movies,100,0.084020
favorite_movies,150,0.157199
favorite_movies,200,0.083844
favorite_movies,250,0.047650
favorite_movies,300,0.123270
favorite_movies,350,0.049222
favorite_movies,400,0.086329
favorite_movies,450,0.085487
