table,rows,time_seconds
viewer,5,0.148132
viewer,50,0.086392
viewer,100,0.087882
viewer,150,0.120770
viewer,200,0.049539
viewer,250,0.117919
viewer,300,0.046481
viewer,350,0.082756
viewer,400,0.090644
viewer,450,0.092391
viewer_profile,5,0.126235
viewer_profile,50,0.098641
viewer_profile,100,0.089784
viewer_profile,150,0.045776
viewer_profile,200,0.183165
viewer_profile,250,0.080177
viewer_profile,300,0.083924
viewer_profile,350,0.085297
viewer_profile,400,0.048740
viewer_profile,450,0.049584
movie,5,0.046772
movie,50,0.049541
movie,100,0.084491
movie,150,0.090773
movie,200,0.088686
movie,250,0.086372
movie,300,0.088571
movie,350,0.193423
movie,400,0.088484
movie,450,0.063172
favorite_movies,5,0.098491
favorite_movies,50,0.081821
favorite_movies,100,0.111254
favorite_movies,150,0.139798
favorite_movies,200,0.047041
favorite_movies,250,0.084367
favorite_movies,300,0.083776
favorite_movies,350,0.047922
favorite_movies,400,0.083052
favorite_movies,450,0.086392
