row_count,time_seconds
100,0.001288400002522394
500,8.949999755714089e-05
1000,6.860001303721219e-05
5000,6.380000559147447e-05
