row_count,time_seconds
100,0.001980600005481392
500,0.00027129999944008887
1000,0.0002069000038318336
5000,0.00014790000568609685
