row_count,time_seconds
500,0.002009200004977174
750,0.0007261999999172986
1000,0.0006426000036299229
1250,0.0005944000004092231
1500,0.0005772000004071742
1750,0.0005681999900843948
2000,0.0005776000034529716
2250,0.0005875000060768798
2500,0.0005750999989686534
