row_count,time_seconds
500,0.002145100006600842
750,0.0006706999993184581
1000,0.0006124000065028667
1250,0.0005877999938093126
1500,0.0005846999993082136
1750,0.0005583000020124018
2000,0.0006458999996539205
2250,0.000611600000411272
2500,0.000611299998126924
