row_count,time_seconds
100,0.0010249000042676926
500,9.349999891128391e-05
1000,7.20999960321933e-05
5000,0.00010229999315924942
