row_count,time_seconds
100,0.0010005000076489523
500,0.00010569998994469643
1000,0.00011580000864341855
5000,0.00012140000762883574
