row_count,time_seconds
100,0.0019492999999783933
500,0.00021949999791104347
1000,0.000159099989105016
5000,0.00010069999552797526
