row_count,time_seconds
100,0.0013026999949943274
500,9.719999798107892e-05
1000,6.909998774062842e-05
5000,6.36000040685758e-05
