row_count,time_seconds
100,0.15136810000694823
500,0.07349840000097174
1000,0.0447367999877315
2000,0.048801700002513826
3000,0.15372400000342168
