row_count,with_pk,without_pk
100,0.15136810000694823,0.04210330000205431
500,0.07349840000097174,0.045544500011601485
1000,0.0447367999877315,0.045545100001618266
2000,0.048801700002513826,0.04284449999977369
3000,0.15372400000342168,0.04309859999921173
