rows,with_index,no_index
100,0.00012227533333013222,0.0073138916666721345
500,0.0001080763333387343,0.03528890633332898
1000,0.00010746233333217485,0.0690386106666665
