rows,with_index,no_index
100,0.00011713966667836454,0.007187039333330176
300,0.00015617366666750363,0.0213639366666636
600,0.00013755900000736194,0.04247673166665966
850,0.0001371570000143644,0.0598600463333302
1000,0.00014025966667153018,0.0704536393333304
