row_count,with_fts,without_fts
100,0.06429746999783674,0.053635679997387345
500,0.05463310999766691,0.07741991999937455
1000,0.058295249998627695,0.08064664999692468
1500,0.10266042999865022,0.0751496600016253
2000,0.08730461000232026,0.07719751999975415
