row_count,time_seconds
100,0.06429746999783674
500,0.05463310999766691
1000,0.058295249998627695
1500,0.10266042999865022
2000,0.08730461000232026
