row_count,with_index,without_index
100,0.0002713593334677474,0.009205209333983172
350,0.0003131306666667418,0.03409091399938916
800,0.0004932286661157075,0.078020222333386
