row_count,with_index,without_index
100,0.0002528599997458514,0.00769214366649976
350,0.00035092933331422197,0.026747057999794682
800,0.00045377366642545294,0.061236174000320415
