row_count,with_fts,without_fts
100,0.047357999996165745,0.15855089999968186
500,0.062648100007209,0.04474589999881573
1000,0.044246699995710514,0.04488629999104887
1500,0.04585370000859257,0.04998640000121668
2000,0.041756100006750785,0.14856620000500698
