row_count,time_seconds
100,0.047357999996165745
500,0.062648100007209
1000,0.044246699995710514
1500,0.04585370000859257
2000,0.041756100006750785
