row_count,with_index,without_index
100,0.01509513333439827,0.0145531666688233
350,0.05217656666839806,0.05131226666950776
800,0.12205746666101429,0.11623033333065298
