row_count,with_index,without_index
100,0.01459453333033404,0.013523199998113947
350,0.04750016667336846,0.042232633330665216
800,0.14233310000175456,0.13611173333871798
