row_count,time_seconds
100,0.0011563000007299706
500,0.00048160000005736947
1000,0.000793100000009872
5000,0.003010500004165806
