row_count,time_seconds
100,0.004423799997312017
500,0.00553819999913685
1000,0.009946599995600991
5000,0.048738800003775395
