row_count,time_seconds
100,0.0037742999993497506
500,0.005199100007303059
1000,0.00989399998798035
5000,0.04427820000273641
