row_count,time_seconds
100,0.0010852999985218048
500,0.0004870999982813373
1000,0.0007831999973859638
5000,0.0032254999969154596
