row_count,time_seconds
500,0.008857199994963594
750,0.007837900004233234
1000,0.010306600001058541
1250,0.012962200009496883
1500,0.015292499985662289
1750,0.018163900007493794
2000,0.020442699998966418
2250,0.02292509999824688
2500,0.02581540000392124
