row_count,time_seconds
100,0.002407899999525398
500,0.0032531999895581976
1000,0.006006999989040196
5000,0.027522000003955327
