row_count,time_seconds
100,0.0025652000040281564
500,0.003007199993589893
1000,0.005930599989369512
5000,0.0276540000049863
