row_count,time_seconds
100,0.0040499000024283305
500,0.0009003999875858426
1000,0.0006607000104850158
5000,0.0006173000001581386
