row_count,time_seconds
500,0.007451500001479872
750,0.004506099998252466
1000,0.0045042999990982935
1250,0.00429440000152681
1500,0.004576099992846139
1750,0.004865900002187118
2000,0.0046876000124029815
2250,0.004738200004794635
2500,0.004227800003718585
