row_count,time_seconds
100,0.00461449999420438
500,0.0009533999982522801
1000,0.0006619000050704926
5000,0.0006148999964352697
