row_count,time_seconds
100,0.11407755999971414
500,0.07135425000014947
1000,0.03853891000180738
2000,0.08906045999901835
3000,0.08132487999973818
