row_count,with_pk,without_pk
100,0.07087281000131043,0.06997116999846184
500,0.05898402000166243,0.06875104000064311
1000,0.060283760000311305,0.0390334099996835
2000,0.05920208999887109,0.08079856999829645
3000,0.08417774999979884,0.0627527899981942
