row_count,with_fts,without_fts
100,0.05582814999797847,0.09682781000301474
500,0.12425975000223843,0.06912562999932562
1000,0.0610235999993165,0.06977963000099408
1500,0.06051779000117676,0.0704455599974608
2000,0.10925526000064564,0.08385379999963334
