row_count,time_seconds
100,0.05582814999797847
500,0.12425975000223843
1000,0.0610235999993165
1500,0.06051779000117676
2000,0.10925526000064564
