row_count,time_seconds
100,0.0938123200001428
500,0.049920199999178294
1000,0.07565930999990086
2000,0.06389871000137645
3000,0.06235799999849405
