row_count,with_index,without_index
100,0.0938123200001428,0.06757282000180567
500,0.049920199999178294,0.08399030000000493
1000,0.07565930999990086,0.0544938999984879
2000,0.06389871000137645,0.06182144999766024
3000,0.06235799999849405,0.07395925000309944
