row_count,time_seconds
100,0.043759630000568
500,0.08370930999953999
1000,0.06159989000152564
2000,0.0594425700022839
3000,0.07319707000133349
