row_count,with_index,without_index
100,0.07104737000190653,0.07053292999917175
500,0.07019107000087388,0.07083917999989353
1000,0.0592877299990505,0.08040627000009408
2000,0.04913104999868665,0.09270765999826835
3000,0.058994029997847974,0.05908596000081161
