row_count,with_index,without_index
100,0.0700737700011814,0.09116526999860071
500,0.0621762300026603,0.13053059999947436
1000,0.07014887999830535,0.0689447899989318
2000,0.0505849200009834,0.07847237999958452
3000,0.05984566999832168,0.06981854999903589
