row_count,time_seconds
100,0.0700737700011814
500,0.0621762300026603
1000,0.07014887999830535
2000,0.0505849200009834
3000,0.05984566999832168
