row_count,time_seconds
100,0.004781999989063479
500,0.0010127999994438142
1000,0.0003761999978451058
5000,0.0003394999948795885
