row_count,time_seconds
100,0.0035782999912044033
500,0.000887800008058548
1000,0.0003826000029221177
5000,0.0003496999997878447
