row_count,time_seconds
500,0.005029000007198192
750,0.0017357999895466492
1000,0.004625700006727129
1250,0.0020228999928804114
1500,0.0019400000019231811
1750,0.002281100008985959
2000,0.0023087000008672476
2250,0.0024376000073971227
2500,0.002507199998944998
