row_count,with_index,without_index
100,5.725333384665039e-05,0.009236657666867055
350,0.0001477346669222849,0.03247023333305454
800,0.0004898436662915628,0.07590330166679148
