row_count,with_index,without_index
100,5.7360333012184126e-05,0.007675860000551135
350,0.0001556936666505256,0.027352642666276853
800,0.00045808899968202845,0.06181606599998
