row_count,with_index,without_index
100,0.0007589076666045003,0.009704305999330245
350,0.004600716666512502,0.03690104866715652
800,0.010021479666417386,0.08475573233391819
