row_count,with_index,without_index
100,0.0003045369992711737,0.007670657333607475
350,0.0037888489996839776,0.030420435666940953
800,0.008817330333113204,0.06806194733333541
